,p,td,ts,o,tu,datetime,lx,ly
1032,13.71422482,138.8139801,,155.7750854,1.704653978,2023-12-16 13:55:03,0.0,0.0
1033,13.65835953,137.027359,,155.4833679,1.715130806,2023-12-16 13:55:10,0.0,0.0
1034,9.844028473,141.8740692,,154.7950897,1.713009953,2023-12-16 13:55:17,0.0,0.0
1035,10.96225548,142.4343109,,155.8056946,1.713784218,2023-12-16 13:55:24,0.0,0.0
1036,11.24321175,143.8368378,,157.3239441,1.71323657,2023-12-16 13:55:31,0.0,0.0
1037,11.31808376,146.7998047,,159.0435944,1.711930752,2023-12-16 13:55:38,0.0,0.0
1038,11.34075165,146.5235901,,158.5407715,1.714905143,2023-12-16 13:55:45,0.0,0.0
1039,6.226494789,151.1008301,,75.58540344,1.711165428,2023-12-16 13:55:52,0.0,0.0
1040,6.017778873,155.7425385,,82.4303894,1.70473361,2023-12-16 13:55:59,0.0,0.0
1041,5.916614056,160.6013184,,86.8013916,1.710641384,2023-12-16 13:56:06,0.0,0.0
1042,6.014152527,164.5975189,,84.54334259,1.712937593,2023-12-16 13:56:13,0.0,0.0
1043,6.254803658,165.4493408,,80.51567078,1.710351467,2023-12-16 13:56:20,0.0,0.0
1044,4.932033539,196.7780457,,91.0337677,1.709763288,2023-12-16 13:56:27,0.0,0.0
1045,5.638563156,157.9492493,,83.12182617,1.706224918,2023-12-16 13:56:34,0.0,0.0
1046,5.959657192,156.4063721,,77.48241425,1.712881446,2023-12-16 13:56:41,0.0,0.0
1047,5.354529858,167.6182861,,86.66602325,1.709682822,2023-12-16 13:56:48,0.0,0.0
1048,6.15435791,177.3551788,,75.24373627,1.713558555,2023-12-16 13:56:55,0.0,0.0
1049,6.35671854,173.4285583,,71.71890259,1.714049935,2023-12-16 13:57:02,0.0,0.0
1050,6.383999825,172.6495209,,71.50292969,1.713631153,2023-12-16 13:57:09,0.0,0.0
1051,6.778530121,171.344635,,63.63288498,1.703340054,2023-12-16 13:57:16,0.0,0.0
1052,6.653368473,170.6360168,,67.06747437,1.7137115,2023-12-16 13:57:24,0.0,0.0
1053,6.606701374,170.2044983,,67.30924225,1.706580162,2023-12-16 13:57:31,0.0,0.0
1054,6.691485882,170.6360321,,66.69033051,1.713823676,2023-12-16 13:57:38,0.0,0.0
1055,6.542529583,171.3274384,,67.76535797,1.714002132,2023-12-16 13:57:45,0.0,0.0
1056,6.591076851,173.1090393,,67.9249115,1.714831829,2023-12-16 13:57:52,0.0,0.0
1057,6.382154465,175.7918396,,72.15407562,1.714082479,2023-12-16 13:57:59,0.0,0.0
1058,6.436787128,178.4933014,,71.86717987,1.714590311,2023-12-16 13:58:06,0.0,0.0
1059,6.36659956,180.8668365,,71.21443939,1.714759469,2023-12-16 13:58:13,0.0,0.0
1060,6.244923592,182.1674805,,75.86264801,1.714090466,2023-12-16 13:58:20,0.0,0.0
1061,6.21723032,182.4740753,,75.98674774,1.706016064,2023-12-16 13:58:27,0.0,0.0
1062,6.249266148,182.488266,,75.45005035,1.713526249,2023-12-16 13:58:34,0.0,0.0
1063,6.230360031,182.0822754,,74.74569702,1.71434021,2023-12-16 13:58:41,0.0,0.0
1064,6.065229416,179.8865356,,78.21573639,1.713896513,2023-12-16 13:58:48,0.0,0.0
1065,6.095964909,178.8857574,,78.69442749,1.712132096,2023-12-16 13:58:55,0.0,0.0
1066,6.083725452,177.7706757,,79.37296295,1.712631345,2023-12-16 13:59:02,0.0,0.0
1067,6.153673172,176.8627167,,77.71773529,1.711874127,2023-12-16 13:59:09,0.0,0.0
1068,6.094392776,175.1450195,,78.42527008,1.711446881,2023-12-16 13:59:16,0.0,0.0
1069,6.074015617,173.9220276,,78.83785248,1.705653191,2023-12-16 13:59:23,0.0,0.0
1070,5.971758842,173.5626373,,80.93149567,1.71309042,2023-12-16 13:59:30,0.0,0.0
1071,5.935452938,173.0062866,,82.09999847,1.713905215,2023-12-16 13:59:37,0.0,0.0
1072,5.967487812,172.5010529,,82.05806732,1.710109711,2023-12-16 13:59:44,0.0,0.0
1073,5.887111187,171.2103577,,83.19432831,1.706853986,2023-12-16 13:59:51,0.0,0.0
1074,5.924784184,171.4045563,,82.69313049,1.70824039,2023-12-16 13:59:58,0.0,0.0
1075,5.865231514,170.2216034,,83.35067749,1.709787607,2023-12-16 14:00:05,0.0,0.0
1076,5.823486805,169.8099518,,84.5127182,1.712542772,2023-12-16 14:00:12,0.0,0.0
1077,5.833333492,168.9004669,,85.14775848,1.713348508,2023-12-16 14:00:20,0.0,0.0
1078,5.797811508,169.2723236,,85.63448334,1.71195364,2023-12-16 14:00:27,0.0,0.0
1079,5.913060188,169.3295441,,83.71492767,1.713243723,2023-12-16 14:00:34,0.0,0.0
1080,5.756033897,168.6286621,,87.18173981,1.712929845,2023-12-16 14:00:41,0.0,0.0
1081,5.959965229,169.3352051,,83.55213928,1.712108135,2023-12-16 14:00:48,0.0,0.0
1082,5.829469204,169.0806885,,86.24853516,1.712534666,2023-12-16 14:00:55,0.0,0.0
1083,6.007383347,169.458252,,81.71479034,1.712164402,2023-12-16 14:01:02,0.0,0.0
1084,6.130904198,170.0186768,,80.1191864,1.711954355,2023-12-16 14:01:09,0.0,0.0
1085,5.944750786,169.3724365,,83.70848846,1.712615013,2023-12-16 14:01:16,0.0,0.0
1086,6.127863884,169.9728851,,80.6881485,1.711987138,2023-12-16 14:01:23,0.0,0.0
1087,5.983112335,169.9871521,,83.27331543,1.711954594,2023-12-16 14:01:30,0.0,0.0
1088,5.981264114,170.4103241,,82.94773865,1.711616516,2023-12-16 14:01:37,0.0,0.0
1089,6.076922894,170.7789001,,81.57457733,1.712212563,2023-12-16 14:01:44,0.0,0.0
1090,6.118938923,171.4188995,,81.58424377,1.712043762,2023-12-16 14:01:51,0.0,0.0
1091,6.043177605,171.7415771,,82.45133209,1.711584568,2023-12-16 14:01:58,0.0,0.0
1092,6.038803577,172.3526154,,82.29177856,1.710802436,2023-12-16 14:02:05,0.0,0.0
1093,6.023076534,172.2470398,,82.24503326,1.710584998,2023-12-16 14:02:12,0.0,0.0
1094,6.099760056,172.7208405,,81.29090118,1.71163249,2023-12-16 14:02:19,0.0,0.0
1095,5.962324619,172.0014648,,84.82377625,1.711471558,2023-12-16 14:02:26,0.0,0.0
1096,6.024375439,172.6380615,,83.30718231,1.71212399,2023-12-16 14:02:33,0.0,0.0
1097,6.034185886,172.3126984,,83.00899506,1.710029125,2023-12-16 14:02:40,0.0,0.0
1098,5.965126038,172.2926941,,85.02687836,1.711076379,2023-12-16 14:02:47,0.0,0.0
1099,6.223384857,172.8094177,,81.98555756,1.711084723,2023-12-16 14:02:54,0.0,0.0
1100,6.052921772,173.3344116,,83.16532898,1.711463571,2023-12-16 14:03:01,0.0,0.0
1101,6.104990482,173.725235,,81.95492554,1.71118927,2023-12-16 14:03:09,0.0,0.0
1102,6.100682735,174.0018616,,83.20241547,1.711721182,2023-12-16 14:03:16,0.0,0.0
1103,6.071451664,174.2841797,,82.99773407,1.710658073,2023-12-16 14:03:23,0.0,0.0
1104,6.054564476,174.771698,,83.96149445,1.710786343,2023-12-16 14:03:30,0.0,0.0
1105,6.040716171,175.088028,,83.60533142,1.710270405,2023-12-16 14:03:37,0.0,0.0
1106,6.071416855,175.2077484,,84.02437592,1.708070397,2023-12-16 14:03:44,0.0,0.0
1107,6.105298519,175.2875519,,82.0419693,1.709561825,2023-12-16 14:03:51,0.0,0.0
1108,5.954737186,174.2300262,,85.22672272,1.709891915,2023-12-16 14:03:58,0.0,0.0
1109,5.890599251,173.6339569,,86.4806366,1.710126042,2023-12-16 14:04:05,0.0,0.0
1110,5.984444141,173.4770508,,84.96239471,1.710037231,2023-12-16 14:04:12,0.0,0.0
1111,5.920136929,173.1489563,,87.26715088,1.709867954,2023-12-16 14:04:19,0.0,0.0
1112,5.946256638,172.5810394,,85.7231369,1.709344029,2023-12-16 14:04:26,0.0,0.0
1113,5.999520302,172.7066345,,85.2815094,1.709190965,2023-12-16 14:04:33,0.0,0.0
1114,5.959759235,172.6095581,,84.9543457,1.704992056,2023-12-16 14:04:40,0.0,0.0
1115,5.992682934,172.2013397,,86.08255005,1.710125923,2023-12-16 14:04:47,0.0,0.0
1116,5.936580181,172.052887,,86.91419983,1.70947361,2023-12-16 14:04:54,0.0,0.0
1117,5.911247253,171.4931641,,85.49588013,1.70969069,2023-12-16 14:05:01,0.0,0.0
1118,5.971008301,171.4245911,,86.28884125,1.710117936,2023-12-16 14:05:08,0.0,0.0
1119,5.912751675,171.6530914,,86.36621857,1.709924221,2023-12-16 14:05:15,0.0,0.0
1120,5.869264603,171.1075287,,87.57984161,1.70924747,2023-12-16 14:05:22,0.0,0.0
1121,5.870427608,171.5845337,,86.94161224,1.709803462,2023-12-16 14:05:29,0.0,0.0
1122,5.837710381,171.2789001,,87.86187744,1.700221539,2023-12-16 14:05:36,0.0,0.0
1123,5.940340996,171.3531647,,86.76269531,1.709601998,2023-12-16 14:05:43,0.0,0.0
1124,5.813846111,170.6817322,,89.30275726,1.709900022,2023-12-16 14:05:50,0.0,0.0
1125,5.903964996,171.3988953,,87.95212555,1.710117459,2023-12-16 14:05:57,0.0,0.0
1126,5.826496124,170.8760681,,89.46556091,1.708401442,2023-12-16 14:06:05,0.0,0.0
1127,5.89740181,171.9015198,,86.33396149,1.708739161,2023-12-16 14:06:12,0.0,0.0
1128,5.659724236,170.5360107,,92.1700592,1.709344387,2023-12-16 14:06:19,0.0,0.0
1129,5.880821705,171.9729309,,88.23738098,1.709900379,2023-12-16 14:06:26,0.0,0.0
1130,5.930699825,172.098526,,86.87390137,1.705008864,2023-12-16 14:06:33,0.0,0.0
1131,5.998324394,172.4240265,,86.36136627,1.708659172,2023-12-16 14:06:40,0.0,0.0
1132,6.066357613,172.90065,,84.98334503,1.709126234,2023-12-16 14:06:47,0.0,0.0
1133,6.047042847,173.2088623,,85.28311157,1.709859729,2023-12-16 14:06:54,0.0,0.0
1134,5.970083714,173.0604858,,86.00357819,1.708561897,2023-12-16 14:07:01,0.0,0.0
1135,5.943965435,173.4029236,,85.71186829,1.709182739,2023-12-16 14:07:08,0.0,0.0
1136,6.002768517,173.7280731,,86.07608032,1.708957314,2023-12-16 14:07:15,0.0,0.0
1137,5.920819759,173.5997467,,87.13178253,1.709271431,2023-12-16 14:07:22,0.0,0.0
1138,5.934732437,173.1831818,,86.91581726,1.709650517,2023-12-16 14:07:29,0.0,0.0
1139,6.063726425,173.830719,,83.09765625,1.708860874,2023-12-16 14:07:36,0.0,0.0
1140,5.984407902,174.0189514,,84.89633942,1.70934391,2023-12-16 14:07:43,0.0,0.0
1141,5.922084332,173.6652679,,86.91257477,1.708917499,2023-12-16 14:07:50,0.0,0.0
1142,5.919247627,174.0617065,,87.5524292,1.709013462,2023-12-16 14:07:57,0.0,0.0
1143,5.850768566,173.3515472,,89.17383575,1.708530784,2023-12-16 14:08:04,0.0,0.0
1144,5.927075386,174.241394,,86.64987946,1.708843946,2023-12-16 14:08:11,0.0,0.0
1145,5.890017509,174.1472778,,88.00533295,1.709021449,2023-12-16 14:08:18,0.0,0.0
1146,6.012887001,174.1387634,,86.51930237,1.708627224,2023-12-16 14:08:25,0.0,0.0
1147,6.038084984,174.8258209,,86.22115326,1.709593296,2023-12-16 14:08:32,0.0,0.0
1148,6.009196758,174.5151215,,85.32666016,1.708352685,2023-12-16 14:08:39,0.0,0.0
1149,6.012205601,174.9340973,,85.7602005,1.706902504,2023-12-16 14:08:46,0.0,0.0
1150,6.472413063,176.8797302,,19.5845356,1.70255053,2023-12-16 14:08:53,0.0,0.0
1151,6.715690613,244.7750854,,25.44153404,1.690849423,2023-12-16 14:09:01,0.0,0.0
1152,7.713093758,233.767868,,18.7996273,1.688996434,2023-12-16 14:09:08,0.0,0.0
1153,8.161061287,243.9111633,,11.44857025,1.70166409,2023-12-16 14:09:15,0.0,0.0
1154,8.169983864,218.4447937,,10.98278332,1.700406551,2023-12-16 14:09:22,0.0,0.0
1155,8.156478882,200.9111633,,11.92080593,1.691896915,2023-12-16 14:09:29,0.0,0.0
1156,8.038598061,195.1816101,,13.51802254,1.709029675,2023-12-16 14:09:36,0.0,0.0
1157,8.111453056,194.4846649,,12.08681583,1.705685139,2023-12-16 14:09:43,0.0,0.0
1158,8.113918304,191.9911041,,11.7241745,1.710681796,2023-12-16 14:09:50,0.0,0.0
1159,8.012854576,190.4762115,,12.91684914,1.698344231,2023-12-16 14:09:57,0.0,0.0
1160,8.061608315,193.0249939,,11.99655437,1.703050494,2023-12-16 14:10:04,0.0,0.0
1161,8.071931839,196.7921906,,11.75479698,1.706547499,2023-12-16 14:10:11,0.0,0.0
1162,8.072309494,196.4933014,,11.87084103,1.708280325,2023-12-16 14:10:18,0.0,0.0
1163,7.981504917,196.6850281,,12.46395397,1.706394672,2023-12-16 14:10:25,0.0,0.0
1164,7.99384737,195.9799805,,12.61545658,1.701648116,2023-12-16 14:10:32,0.0,0.0
1165,8.018019676,194.8825684,,12.22058678,1.706305742,2023-12-16 14:10:39,0.0,0.0
1166,8.007724762,193.792984,,12.76051331,1.706507206,2023-12-16 14:10:46,0.0,0.0
1167,7.928103447,192.5815277,,13.73882771,1.707675934,2023-12-16 14:10:53,0.0,0.0
1168,7.978600979,192.5419922,,13.38263798,1.706894398,2023-12-16 14:11:00,0.0,0.0
1169,7.916136742,192.4854889,,14.01443195,1.706160545,2023-12-16 14:11:07,0.0,0.0
1170,7.850801945,192.2481537,,14.47215939,1.705395103,2023-12-16 14:11:14,0.0,0.0
1171,7.91196537,192.5617218,,13.22468853,1.705709934,2023-12-16 14:11:21,0.0,0.0
1172,7.913882256,192.454422,,13.99347782,1.704323173,2023-12-16 14:11:28,0.0,0.0
1173,7.927180767,192.3809509,,14.4157486,1.705064535,2023-12-16 14:11:35,0.0,0.0
1174,7.915251255,192.4063873,,13.62117386,1.704911351,2023-12-16 14:11:42,0.0,0.0
1175,7.944275379,192.2171173,,13.00871658,1.70456481,2023-12-16 14:11:49,0.0,0.0
1176,7.924240112,191.7593689,,12.90556908,1.70454061,2023-12-16 14:11:57,0.0,0.0
1177,7.912581444,191.6831665,,13.69369888,1.705241442,2023-12-16 14:12:04,0.0,0.0
1178,7.855626106,191.787735,,14.44637203,1.704524875,2023-12-16 14:12:11,0.0,0.0
1179,7.85835743,191.7622681,,14.83479595,1.704089522,2023-12-16 14:12:18,0.0,0.0
1180,7.821983337,191.383606,,16.20153809,1.703791976,2023-12-16 14:12:25,0.0,0.0
1181,7.863246918,191.6153717,,14.4302578,1.703356504,2023-12-16 14:12:32,0.0,0.0
1182,7.831142902,191.2310028,,15.83567429,1.704508185,2023-12-16 14:12:39,0.0,0.0
1183,7.897847652,191.52211,,13.17149925,1.70105195,2023-12-16 14:12:46,0.0,0.0
1184,7.871078014,191.5758057,,14.20783806,1.703356028,2023-12-16 14:12:53,0.0,0.0
1185,7.938737869,191.6436005,,12.41560555,1.703533769,2023-12-16 14:13:00,0.0,0.0
1186,7.861232281,191.29039,,14.84607887,1.703574419,2023-12-16 14:13:07,0.0,0.0
1187,7.852099895,191.468399,,14.09179306,1.703533769,2023-12-16 14:13:14,0.0,0.0
1188,7.859144211,191.4797058,,14.48344135,1.703405023,2023-12-16 14:13:21,0.0,0.0
1189,7.880886555,191.3610229,,14.13531113,1.703195333,2023-12-16 14:13:28,0.0,0.0
1190,7.879009247,191.3892822,,13.56637192,1.704113603,2023-12-16 14:13:35,0.0,0.0
1191,7.87634182,191.5475616,,13.621171,1.699730396,2023-12-16 14:13:42,0.0,0.0
1192,7.882016659,191.7566376,,14.72681141,1.703831077,2023-12-16 14:13:49,0.0,0.0
1193,7.905776978,191.8838043,,13.82263947,1.703485131,2023-12-16 14:13:56,0.0,0.0
1194,7.857777596,191.8357697,,14.17721176,1.702945709,2023-12-16 14:14:03,0.0,0.0
1195,7.862085819,191.4457703,,14.41252708,1.703284264,2023-12-16 14:14:10,0.0,0.0
1196,7.856306553,191.4316711,,15.22966957,1.703340292,2023-12-16 14:14:17,0.0,0.0
1197,7.858906746,191.6746826,,14.73325825,1.702840447,2023-12-16 14:14:24,0.0,0.0
1198,7.841469765,191.9148712,,14.55113316,1.703179598,2023-12-16 14:14:31,0.0,0.0
1199,7.803554058,191.6916504,,16.11128044,1.695522904,2023-12-16 14:14:38,0.0,0.0
1200,7.829367638,191.8781433,,15.79054928,1.702873111,2023-12-16 14:14:45,0.0,0.0
1201,7.847213745,191.9374237,,15.11523438,1.701696634,2023-12-16 14:14:53,0.0,0.0
1202,7.798391819,191.9176941,,15.92270756,1.702889442,2023-12-16 14:15:00,0.0,0.0
1203,7.848751545,191.7114105,,15.46659184,1.702413321,2023-12-16 14:15:07,0.0,0.0
1204,7.850528717,192.1804047,,15.86146164,1.701979041,2023-12-16 14:15:14,0.0,0.0
1205,7.785846233,191.7565918,,17.12182808,1.701462507,2023-12-16 14:15:21,0.0,0.0
1206,7.823966503,192.0646057,,16.12739944,1.70113194,2023-12-16 14:15:28,0.0,0.0
1207,7.174635887,1133.088379,,23.65091515,1.693106055,2023-12-16 14:15:35,0.0,0.0
1208,6.743522644,1136.069336,,27.43844986,1.696281075,2023-12-16 14:15:42,0.0,0.0
1209,6.893026829,1133.995483,,32.61369324,1.666947365,2023-12-16 14:15:49,0.0,0.0
1210,6.946290493,1131.421631,,35.01355362,1.68661046,2023-12-16 14:15:56,0.0,0.0
1211,7.045608521,1131.429077,,32.35259247,1.646606803,2023-12-16 14:16:03,0.0,0.0
1212,7.164923668,1130.669678,,29.23069,1.663627625,2023-12-16 14:16:10,0.0,0.0
1213,7.296786308,1131.019897,,27.62219238,1.656463146,2023-12-16 14:16:17,0.0,0.0
1214,7.309299946,1131.721313,,25.34322166,1.658147693,2023-12-16 14:16:24,0.0,0.0
1215,7.381845474,1130.435303,,27.44007111,1.632182956,2023-12-16 14:16:31,0.0,0.0
1216,7.40642643,1131.516357,,29.10014725,1.662080407,2023-12-16 14:16:38,0.0,0.0
1217,7.426393986,1131.567749,,25.71391487,1.654585242,2023-12-16 14:16:45,0.0,0.0
1218,7.420992374,1132.027954,,25.56402779,1.665247083,2023-12-16 14:16:52,0.0,0.0
1219,7.456616402,1131.860352,,26.22160912,1.662039638,2023-12-16 14:16:59,0.0,0.0
1220,7.44530201,1131.648071,,25.24651527,1.665738106,2023-12-16 14:17:06,0.0,0.0
1221,7.452035904,1131.399414,,26.01692772,1.66288662,2023-12-16 14:17:13,0.0,0.0
1222,7.491693497,1132.385986,,28.92285538,1.667100549,2023-12-16 14:17:20,0.0,0.0
1223,7.522358894,1130.27478,,25.21750832,1.659203768,2023-12-16 14:17:27,0.0,0.0
1224,7.531727314,1131.786621,,25.60915565,1.671331286,2023-12-16 14:17:34,0.0,0.0
1225,7.517949104,1131.545288,,28.25721169,1.661830425,2023-12-16 14:17:42,0.0,0.0
1226,7.493775845,1132.291016,,26.44242287,1.673724771,2023-12-16 14:17:49,0.0,0.0
1227,7.491008759,1132.14502,,26.10718346,1.664852142,2023-12-16 14:17:56,0.0,0.0
1228,7.527793884,1132.138062,,25.28359222,1.664763451,2023-12-16 14:18:03,0.0,0.0
1229,7.566805363,1131.012085,,25.48505592,1.661878824,2023-12-16 14:18:10,0.0,0.0
1230,7.485401154,1132.437622,,24.89355278,1.671315432,2023-12-16 14:18:17,0.0,0.0
1231,7.538428307,1130.63208,,25.71392441,1.662749171,2023-12-16 14:18:24,0.0,0.0
1232,7.475832462,1131.582275,,24.36490822,1.665891409,2023-12-16 14:18:31,0.0,0.0
1233,7.483007431,1132.415161,,25.80901146,1.6658113,2023-12-16 14:18:38,0.0,0.0
1234,7.461606979,1131.852539,,26.82761574,1.664843917,2023-12-16 14:18:45,0.0,0.0
1235,7.461503029,1131.911133,,25.54629517,1.663297534,2023-12-16 14:18:52,0.0,0.0
1236,7.478838921,1130.793457,,26.9549427,1.664772034,2023-12-16 14:18:59,0.0,0.0
1237,7.501573086,1130.75708,,25.07084084,1.657196403,2023-12-16 14:19:06,0.0,0.0
1238,7.486257076,1132.042603,,24.31977654,1.661613107,2023-12-16 14:19:13,0.0,0.0
1239,7.50123167,1130.026245,,27.40945244,1.657841444,2023-12-16 14:19:20,0.0,0.0
1240,7.481983185,1131.187622,,26.44563866,1.662080288,2023-12-16 14:19:27,0.0,0.0
1241,7.510870934,1131.713501,,27.14673233,1.663313389,2023-12-16 14:19:34,0.0,0.0
1242,7.518325806,1131.143555,,28.68431854,1.662822008,2023-12-16 14:19:41,0.0,0.0
1243,7.46089077,1131.494751,,26.5165596,1.66195941,2023-12-16 14:19:48,0.0,0.0
1244,7.400990963,1132.09375,,28.47801399,1.660540819,2023-12-16 14:19:55,0.0,0.0
1245,7.38957262,1131.932739,,27.15480042,1.663144231,2023-12-16 14:20:02,0.0,0.0
1246,4.103897572,1131.910522,,17.78425026,1.664256454,2023-12-16 14:20:09,0.0,0.0
1247,4.750597954,1131.0625,,10.17531013,1.401142001,2023-12-16 14:20:16,0.0,0.0
1248,5.460579872,1132.268921,,2.572820663,1.492147684,2023-12-16 14:20:23,0.0,0.0
1249,5.295144558,1131.823608,,2.82747221,1.500915885,2023-12-16 14:20:30,0.0,0.0
1250,4.897880554,1133.153931,,3.929889917,1.493477345,2023-12-16 14:20:38,0.0,0.0
1251,4.854153156,1131.984497,,4.092674255,1.472420692,2023-12-16 14:20:45,0.0,0.0
1252,4.742256165,1131.435669,,3.398021936,1.461984992,2023-12-16 14:20:52,0.0,0.0
1253,5.290528297,1131.721069,,1.970036507,1.460574746,2023-12-16 14:20:59,0.0,0.0
1254,5.190563679,1132.612671,,1.604175806,1.45396626,2023-12-16 14:21:06,0.0,0.0
1255,5.033025742,1132.510498,,1.460732579,1.441048622,2023-12-16 14:21:13,0.0,0.0
1256,4.897332191,1132.122925,,2.606666565,1.444150805,2023-12-16 14:21:20,0.0,0.0
1257,4.911213398,1132.327515,,2.708204985,1.430588126,2023-12-16 14:21:27,0.0,0.0
1258,4.952478409,1131.684814,,2.060292959,1.389577746,2023-12-16 14:21:34,0.0,0.0
1259,4.512717724,1131.501831,,2.879047632,1.371510148,2023-12-16 14:21:41,0.0,0.0
1260,4.497231007,1132.45166,,3.541465044,1.354554892,2023-12-16 14:21:48,0.0,0.0
1261,4.476307869,1133.000488,,3.597875357,1.392156243,2023-12-16 14:21:55,0.0,0.0
1262,4.443554878,1132.203369,,4.935604572,1.378029346,2023-12-16 14:22:02,0.0,0.0
1263,6.229333878,1133.476074,,0.856336951,1.355885029,2023-12-16 14:22:09,0.0,0.0
1264,5.472853661,1132.736938,,1.067472577,1.32894516,2023-12-16 14:22:16,0.0,0.0
1265,4.555383682,1133.088135,,2.461611748,1.376273394,2023-12-16 14:22:23,0.0,0.0
1266,4.261264801,1129.310913,,4.708351135,1.338059425,2023-12-16 14:22:30,0.0,0.0
1267,4.345880508,1133.05896,,3.104688883,1.291174293,2023-12-16 14:22:37,0.0,0.0
1268,4.386221886,1133.249023,,3.127252817,1.288652062,2023-12-16 14:22:44,0.0,0.0
1269,4.388274193,1133.088135,,3.272307634,1.29539752,2023-12-16 14:22:51,0.0,0.0
1270,4.21394825,1132.283813,,4.118461609,1.319733858,2023-12-16 14:22:58,0.0,0.0
1271,4.085948467,1133.615356,,5.543222904,1.328276157,2023-12-16 14:23:05,0.0,0.0
1272,4.097948551,1133.044434,,6.961538792,1.340275764,2023-12-16 14:23:12,0.0,0.0
1273,4.021059513,1133.761353,,7.153332233,1.362654209,2023-12-16 14:23:19,0.0,0.0
1274,4.018564701,1133.505127,,6.112161636,1.355651259,2023-12-16 14:23:26,0.0,0.0
1275,4.041573048,1133.015381,,7.926960468,1.377658725,2023-12-16 14:23:33,0.0,0.0
1276,4.019281864,1132.663696,,8.10747242,1.391737461,2023-12-16 14:23:41,0.0,0.0
1277,4.07107687,1133.043823,,8.059120178,1.379415989,2023-12-16 14:23:48,0.0,0.0
1278,4.132990837,1133.110229,,7.06307745,1.392599583,2023-12-16 14:23:55,0.0,0.0
1279,4.165263653,1132.817139,,6.985714436,1.363790154,2023-12-16 14:24:02,0.0,0.0
1280,4.17377615,1132.854004,,7.327398777,1.379222393,2023-12-16 14:24:09,0.0,0.0
1281,4.590768337,1133.366089,,2.956410408,1.131210566,2023-12-16 14:24:16,0.0,0.0
1282,4.460855007,1132.488281,,4.985567093,1.343111992,2023-12-16 14:24:23,0.0,0.0
1283,4.468034744,1132.72998,,2.742051125,1.347931027,2023-12-16 14:24:30,0.0,0.0
1284,4.450188637,1133.007813,,3.277143002,1.323030114,2023-12-16 14:24:37,0.0,0.0
1285,4.402461052,1133.658936,,3.011208534,1.327292919,2023-12-16 14:24:44,0.0,0.0
1286,4.48779583,1132.605347,,2.677582502,1.361598015,2023-12-16 14:24:51,0.0,0.0
1287,4.409025669,1133.110718,,3.054725647,1.36470902,2023-12-16 14:24:58,0.0,0.0
1288,4.340923309,1133.27124,,4.519781113,1.354337573,2023-12-16 14:25:05,0.0,0.0
1289,4.413846493,1132.657227,,3.855750799,1.336705208,2023-12-16 14:25:12,0.0,0.0
1290,4.353708744,1131.479858,,5.80271101,1.308854938,2023-12-16 14:25:19,0.0,0.0
1291,4.375897884,1132.781494,,5.012966633,1.285710335,2023-12-16 14:25:26,0.0,0.0
1292,4.325608253,1132.56189,,7.385420799,1.279996753,2023-12-16 14:25:33,0.0,0.0
1293,4.267454147,1132.83252,,6.357142925,1.286967635,2023-12-16 14:25:40,0.0,0.0
1294,4.306291103,1133.285645,,6.579559326,1.336165309,2023-12-16 14:25:47,0.0,0.0
1295,4.281743526,1132.152588,,5.577070236,1.334440708,2023-12-16 14:25:54,0.0,0.0
1296,4.332204819,1132.590576,,6.305567741,1.338728189,2023-12-16 14:26:01,0.0,0.0
1297,4.333060741,1132.261719,,5.791428566,1.330290556,2023-12-16 14:26:08,0.0,0.0
1298,4.334186554,1131.12854,,5.133844376,1.360574961,2023-12-16 14:26:15,0.0,0.0
1299,4.43456459,1132.664185,,5.109670639,1.378440738,2023-12-16 14:26:22,0.0,0.0
1300,4.378530502,1132.620728,,5.080658436,1.331886411,2023-12-16 14:26:29,0.0,0.0
1301,4.338665962,1133.607788,,5.440072536,1.364669085,2023-12-16 14:26:37,0.0,0.0
1302,4.304238796,1132.612427,,6.508644581,1.356159091,2023-12-16 14:26:44,0.0,0.0
1303,4.323248863,1132.78125,,6.892234325,1.352548718,2023-12-16 14:26:51,0.0,0.0
1304,4.308717728,1134.032471,,6.291062355,1.350348711,2023-12-16 14:26:58,0.0,0.0
1305,4.314598083,1133.066284,,5.227325439,1.304237366,2023-12-16 14:27:05,0.0,0.0
1306,4.30085516,1130.266357,,6.007400036,1.346407652,2023-12-16 14:27:12,0.0,0.0
1307,4.272819996,1132.576294,,5.080658913,1.348277688,2023-12-16 14:27:19,0.0,0.0
1308,4.366598606,1132.495605,,4.895311832,1.354547143,2023-12-16 14:27:26,0.0,0.0
1309,4.341265678,1133.116943,,5.422343731,1.36909306,2023-12-16 14:27:33,0.0,0.0
1310,4.339795113,1134.676758,,5.02586031,1.374919295,2023-12-16 14:27:40,0.0,0.0
1311,4.280444145,1132.400635,,5.54805851,1.353161216,2023-12-16 14:27:47,0.0,0.0
1312,4.327521324,1133.842163,,5.058095932,1.364886642,2023-12-16 14:27:54,0.0,0.0
1313,4.287350655,1132.854126,,5.072601318,1.352765799,2023-12-16 14:28:01,0.0,0.0
1314,4.305641174,1130.383423,,5.58835125,1.348777175,2023-12-16 14:28:08,0.0,0.0
1315,4.254459858,1133.205444,,4.04754591,1.356739044,2023-12-16 14:28:15,0.0,0.0
1316,4.27545166,1133.080811,,5.723736286,1.359906316,2023-12-16 14:28:22,0.0,0.0
1317,4.246256351,1133.146606,,4.552014828,1.357464433,2023-12-16 14:28:29,0.0,0.0
1318,4.259692669,1133.622437,,5.277288914,1.361607075,2023-12-16 14:28:36,0.0,0.0
1319,4.253160954,1133.074341,,5.773698807,1.347132921,2023-12-16 14:28:43,0.0,0.0
1320,4.267007351,1133.161743,,5.588352203,1.331491828,2023-12-16 14:28:50,0.0,0.0
1321,4.272204876,1132.933838,,5.070988655,1.355586529,2023-12-16 14:28:57,0.0,0.0
1322,4.29066658,1133.197632,,6.073480129,1.349453926,2023-12-16 14:29:04,0.0,0.0
1323,4.30577755,1133.556396,,4.987178326,1.351847529,2023-12-16 14:29:11,0.0,0.0
1324,4.230426311,1132.664185,,4.379559994,1.35353148,2023-12-16 14:29:19,0.0,0.0
1325,4.255657196,1134.317871,,4.464981556,1.354619622,2023-12-16 14:29:25,0.0,0.0
1326,4.325470448,1133.278442,,4.829229832,1.352612734,2023-12-16 14:29:33,0.0,0.0
1327,4.30834198,1133.607788,,4.216776848,1.342185259,2023-12-16 14:29:40,0.0,0.0
1328,4.373435974,1133.395508,,3.48344326,1.351928115,2023-12-16 14:29:47,0.0,0.0
1329,4.337743282,1133.190796,,4.074945927,1.339872241,2023-12-16 14:29:54,0.0,0.0
1330,4.396239758,1133.029541,,3.564029455,1.334045887,2023-12-16 14:30:01,0.0,0.0
1331,4.310153961,1133.432129,,4.639047623,1.345360756,2023-12-16 14:30:08,0.0,0.0
1332,4.380478859,1133.776001,,4.650330067,1.334384561,2023-12-16 14:30:15,0.0,0.0
1333,4.309675217,1134.574219,,3.963736534,1.338760257,2023-12-16 14:30:22,0.0,0.0
1334,4.331487179,1128.874146,,4.89047718,1.332023144,2023-12-16 14:30:29,0.0,0.0
1335,4.327453136,1134.010864,,4.371501446,1.332103848,2023-12-16 14:30:36,0.0,0.0
1336,4.360205173,1133.051514,,4.08622694,1.329702616,2023-12-16 14:30:43,0.0,0.0
1337,4.602631569,1134.09082,,10.00930309,0.928392351,2023-12-16 14:30:50,0.0,0.0
1338,4.42389679,1134.413208,,7.230696201,0.909542918,2023-12-16 14:30:57,0.0,0.0
1339,4.359213352,1134.266235,,14.14820576,0.841778278,2023-12-16 14:31:04,0.0,0.0
1340,4.378118992,1133.666016,,22.09882545,0.765857697,2023-12-16 14:31:11,0.0,0.0
1341,4.27282095,1133.58606,,44.09882736,0.841463625,2023-12-16 14:31:18,0.0,0.0
1342,4.292751789,1133.607544,,67.15935516,0.915708184,2023-12-16 14:31:25,0.0,0.0
1343,4.348443985,1133.819824,,74.21707153,0.888638854,2023-12-16 14:31:32,0.0,0.0
1344,4.35764122,1133.988281,,77.77734375,1.011024594,2023-12-16 14:31:39,0.0,0.0
1345,4.345026016,1133.088135,,82.00327301,0.975719988,2023-12-16 14:31:46,0.0,0.0
1346,4.341742039,1132.56189,,83.56503296,1.044968128,2023-12-16 14:31:53,0.0,0.0
1347,4.397504807,1133.095459,,88.10688782,1.111628294,2023-12-16 14:32:00,0.0,0.0
1348,4.362154484,1132.84729,,92.22966003,1.115174055,2023-12-16 14:32:07,0.0,0.0
1349,4.342531681,1133.878662,,87.69750214,1.15886867,2023-12-16 14:32:14,0.0,0.0
1350,4.304513454,1133.249023,,90.95157623,1.166781902,2023-12-16 14:32:21,0.0,0.0
1351,4.314699173,1133.241821,,92.17327881,1.177741289,2023-12-16 14:32:29,0.0,0.0
1352,4.325025558,1134.317871,,73.7464447,1.17799139,2023-12-16 14:32:36,0.0,0.0
1353,4.335485458,1133.951904,,53.25180054,1.191707015,2023-12-16 14:32:43,0.0,0.0
1354,4.364206791,1134.33252,,50.07832336,1.177870274,2023-12-16 14:32:50,0.0,0.0
1355,4.325605869,1134.508301,,46.91450119,1.195752621,2023-12-16 14:32:57,0.0,0.0
1356,4.297947884,1134.808716,,46.65019226,1.213932872,2023-12-16 14:33:04,0.0,0.0
1357,4.293776512,1134.559692,,46.56315994,1.209315062,2023-12-16 14:33:11,0.0,0.0
1358,4.199487686,1134.054443,,46.10380554,1.216092467,2023-12-16 14:33:18,0.0,0.0
1359,4.342017174,1133.776245,,46.89194107,1.205624223,2023-12-16 14:33:25,0.0,0.0
1360,4.877776623,1133.783203,,42.51451492,1.101160526,2023-12-16 14:33:32,0.0,0.0
1361,5.00071907,1134.412964,,35.88227463,1.105592608,2023-12-16 14:33:39,0.0,0.0
1362,4.944273949,1132.495605,,31.69663811,1.173462152,2023-12-16 14:33:46,0.0,0.0
1363,4.75449419,1135.410156,,35.31978607,1.182463884,2023-12-16 14:33:53,0.0,0.0
1364,4.835315228,1135.424683,,34.68798828,1.159190655,2023-12-16 14:34:00,0.0,0.0
1365,4.672955036,1135.75415,,34.77178955,1.154105425,2023-12-16 14:34:07,0.0,0.0
1366,4.757332325,1133.812378,,35.45838928,1.157917261,2023-12-16 14:34:14,0.0,0.0
1367,4.769162178,1134.259155,,33.80315781,1.13416779,2023-12-16 14:34:21,0.0,0.0
1368,4.704170227,1134.903809,,36.51407242,1.156144738,2023-12-16 14:34:28,0.0,0.0
1369,4.846222878,1136.134888,,35.41648483,1.094689369,2023-12-16 14:34:35,0.0,0.0
1370,4.727040768,1131.794189,,34.52842712,1.05297792,2023-12-16 14:34:42,0.0,0.0
1371,5.029367447,1134.954834,,15.50204945,1.043210864,2023-12-16 14:34:49,0.0,0.0
1372,4.88167429,1135.123535,,16.20959663,1.096373439,2023-12-16 14:34:56,0.0,0.0
1373,4.823521137,1135.365723,,21.41707039,1.103295922,2023-12-16 14:35:03,0.0,0.0
1374,4.86379385,1134.955078,,21.69106674,1.102151513,2023-12-16 14:35:10,0.0,0.0
1375,4.838393688,1135.182251,,22.36476326,1.126496553,2023-12-16 14:35:18,0.0,0.0
1376,4.861024857,1134.251953,,24.05707169,1.147618055,2023-12-16 14:35:25,0.0,0.0
1377,4.833572388,1135.658447,,25.57530785,1.141082525,2023-12-16 14:35:32,0.0,0.0
1378,4.887794495,1133.169067,,24.1118679,1.145450234,2023-12-16 14:35:39,0.0,0.0
1379,4.913265705,1133.995239,,23.23026085,1.117228985,2023-12-16 14:35:46,0.0,0.0
1380,4.888750076,1134.464111,,24.90483856,1.155733347,2023-12-16 14:35:53,0.0,0.0
1381,4.9066329,1135.26355,,24.02483749,1.125319481,2023-12-16 14:36:00,0.0,0.0
